,subreddit_num,subreddit_id,subreddit_name,subreddit_description,num_posts,mean_score,median_score,average_post_length,PC0,PC1,PC2,PC3,PC4
0,0,2th52,wallstreetbets,Like 4chan found a Bloomberg Terminal.,483,177.13250517598343,31.0,929.3064182194616,0.05341469527634959,-0.41829481227030557,-0.025241584338058884,-0.0779252545029182,-0.04080626201366697
1,1,2qjfk,stocks,"Stocks - Investing and trading for all. Welcome on /r/stocks! Don't hesitate to tell us about a ticker we should know about, market news or financial education. But please, read the sidebar rules before you post. Check out our wiki to learn more!",228,88.15789473684211,16.0,868.530701754386,-0.29159802526539286,-0.4628883865012546,-0.0500095294040421,-0.06031249425160079,-0.06568135078635699
2,2,2r8rv,options,Let's Talk About: Exchange Traded Financial Options -- Options Fundamentals -- The Greeks -- Strategies -- Current Plays and Ideas -- Q&A -- **New Traders**: See the Options Questions Safe Haven weekly thread,124,59.57258064516129,18.0,866.9274193548387,0.5759633125067797,-0.15741952821365238,0.06319414260929833,0.001380334536521892,0.00793963937085526
3,3,2qhhq,investing,Lose money with friends!,80,137.6375,18.0,782.05,-0.3007365277149466,-0.2357329425004997,0.06353055757504349,-0.03222595288821768,-0.05603404537224745
4,4,2bh50e,streetguru,Learn. Share. Profit. Twitter @StreetGuruHQ Instagram @StreetGuruHQ facebook.com/StreetGuruHQ https://street-guru.com/,48,6.3125,6.0,1131.3333333333333,-0.3548889984494264,-0.05978506408289854,0.2696119691622151,-0.061868321791764096,0.11063518696698117
5,5,2tsxd,aapl,AAPL Stock,47,9.893617021276595,9.0,381.5744680851064,-0.04260867239566472,0.18524398287926575,-0.3406026471535169,-0.05096224122845731,-0.06562601014665226
6,6,27n9fl,thetagang,selling options We are selling options to WSB degenerates using thetagang strategies!,39,23.333333333333332,12.0,822.4615384615385,0.6951501802647967,-0.06554386531410421,0.03766717634990143,0.07828569993852344,0.007894411176837498
7,7,2qjuv,stockmarket,"StockMarket - Reddit's Front Page of the Stock Market. Welcome to /r/StockMarket! Our objective is to provide short and mid term trade ideas, market analysis & commentary for active traders and investors. Posts about equities, options, forex, futures, analyst upgrades & downgrades, technical and fundamental analysis, and the stock market in general are all welcome.",31,58.12903225806452,10.0,3036.5806451612902,-0.3368806595475559,-0.3867426952771315,-0.17318220064461562,-0.03141557999140383,0.014809765850633972
8,8,37mcm,stock_picks,,20,10.6,9.0,665.0,-0.22916041933070752,0.3574996768214984,-0.359416175692687,0.4216664672479376,0.6204124505526057
9,9,29phiw,smallstreetbets,"smallstreetbets. Like 4chan found $5. Ever wanted to learn how to trade options AND share your progress with people online, but you're too poor for WSB? If so, you've come to the right place.",15,35.733333333333334,13.0,1272.4,0.5345021291255788,0.005063339436438842,-0.05967317807713639,0.12149139230837573,0.048919522160011476
10,10,2qsbv,dividends,Dividend Investing. A community by and for dividend growth investors. Let's make money together!,13,84.46153846153847,46.0,838.8461538461538,-0.19123747061755547,0.3926444065327663,0.012741485072343847,0.465154742637514,-0.7081857625484906
11,11,3jstw,thewallstreet,"TheWallStreet - MONEY NEVER SLEEPS. Welcome to /r/thewallstreet. This subreddit is intended for open discussions on all subjects related to trading on Stocks, Options, Futures, Currencies and Commodities.",13,17.384615384615383,16.0,882.9230769230769,-0.10612749417365006,0.31594714406597946,0.7839968345437699,-0.03114979082225776,0.21035539619938146
12,12,2qxlo,daytrading,"Daytrading: Information for your everyday trader. Daytrading futures, forex, stocks, etc.",12,31.166666666666668,12.0,930.9166666666666,-0.005792049678605011,0.5300087444238982,-0.22261685000251558,-0.7421190011922527,-0.0846329414098921
